{
  "name": "simplefog",
  "title": "Simplefog - Manual Fog of War",
  "description": "Simplefog allows you to draw fog of war manually, optionally automatically hiding and revealing tokens underneath based on opacity. It provides a number of tools to quickly draw and erase fog in various shapes - brush, rectangles, ellipses, polygons or to reveal tiles you click/drag on the grid. The fog opacity and color can be adjusted (for both GM and player) and you can animate the transition, allowing for effects like Fade to Black.",
  "author": "Vance Cole",
  "version": "0.1.1",
  "minimumCoreVersion": "0.6.4",
  "compatibleCoreVersion": "0.6.5",
  "esmodules": [
    "js/simplefog.js",
    "js/controls.js"
  ],
  "styles": [
    "css/brush-controls.css"
  ],
  "url": "https://github.com/VanceCole/simplefog",
  "manifest": "https://raw.githubusercontent.com/VanceCole/simplefog/master/module.json",
  "readme": "https://github.com/VanceCole/simplefog/blob/master/README.md",
  "changelog": "https://github.com/VanceCole/simplefog/blob/master/changelog.md",
  "download": "https://github.com/VanceCole/simplefog/releases/download/0.1.1/simplefog.zip"
}